TVD_m,RHOB_g_cm3,Sv_MPa,Pp_MPa,SvEff_MPa
0.0,2.3,0.0,0.0,0.0
1000.0,2.3,22.555294999999997,9.80665,12.748644999999998
2000.0,2.3,45.110589999999995,19.6133,25.497289999999996
3000.0,2.3,67.665885,29.41995,38.245935
4000.0,2.3,90.22117999999999,39.2266,50.99457999999999
